회사 이름, 위치, 정보, 공고 업로드 시간, 링크
Bookipi,대한민국,미리보기 정보가 없어요.,오늘,https://kr.indeed.com/pagead/clk?mo=r&ad=-6NYlbfkN0BJAOkSABAtqKGX_sg8J8NEYnO7yzwKvKfj6lCBgksQnpuqo3OznOS5KKUVhwA8ILSOMmPPrIFPIfAwWOcfGN00s6wi-RDf9BQRlEZCEXZhSFyfpz6cmwcFMGAcyqNMf1aLBkYPELWmZyP-GklBVuJe_ZSiA89cxL6l_NSDPzuvoU3jHrxwKTA_dM6oKu6DvbvHOh9eWnfFkqQC-cH0CSoTmfsJHswXFXmY2JRKp7VH9TmkSbYODgfm5JUkbC49cqXwJ9_YNlimFPNKrdlrSQpRaVkdqKGmDWMEwl0yHhPy6ltX5oDHMEplvHc9RzeyF-X30OarBEsP2w8N1YEbFPuawwVLRqNoZo2ZDvPz-7zioj9sTeXiCPYr9uOijAF4X3qZ3bRsfmlElI8Q1dmlq4lGMiGQEClID98fye2tWDwEdBmnXGOj0F9q5dx63bPFv8fkumfDK8RKe1r9cKoXDzBy3YD3sm2y6RcziTrnQhP1v_X_rFbWuQ8eSmx0-dC_SQIUjWfBcpihRA==&xkcb=SoDz-_M3ScJIaFW6S50LbzkdCdPP&p=0&fvj=1&vjs=3
클라썸,서울 강남구,미리보기 정보가 없어요.,12일 전에 게시됨,https://kr.indeed.com/rc/clk?jk=2f9145c7a257c557&fccid=fa74736aafafc828&vjs=3
컬리,서울 강남구,미리보기 정보가 없어요.,30일 이상 전에 게시됨,https://kr.indeed.com/rc/clk?jk=8c6a13d5412f6aa2&fccid=84f556ede0522ba3&vjs=3
인텔코리아,서울,미리보기 정보가 없어요.,30일 이상 전에 게시됨,https://kr.indeed.com/rc/clk?jk=83f4939522ffaa68&fccid=ded06d6a6799d929&vjs=3
제타럭스시스템,서울,인터넷·IT·통신·모바일·게임>웹프로그래머>프론트엔드,12일 전에 게시됨,https://kr.indeed.com/rc/clk?jk=a0bd37221a4d3bd8&fccid=c612ab9418f252a7&vjs=3
올거나이즈코리아,서울 강남구,We are looking for an experienced front-end engineer to join our interface team. You will help bring wireframes and designs...,18일 전에 게시됨,https://kr.indeed.com/rc/clk?jk=ab59d443ad2e1664&fccid=707decd4d5b2755e&vjs=3
벨루가브루어리,서울 마포구,벨루가는 멋진 투자사들과 함께 하고 있어요 인터넷·IT·통신·모바일·게임>웹프로그래머>백엔드|인터넷·IT·통신·모바일·게임>웹프로그래머>프론트엔드,12일 전에 게시됨,https://kr.indeed.com/rc/clk?jk=0c557ab555fdec90&fccid=fefb166bd08e31f3&vjs=3
엠아이솔루션,대전 유성구,미리보기 정보가 없어요.,30일 이상 전에 게시됨,https://kr.indeed.com/rc/clk?jk=4286cf2792adff12&fccid=17164eb61dc096d8&vjs=3
오라클컴퍼니,서울 강남구,body { margin: 0; padding: 0; } #wrap { width: 100%; margin: auto; position: relative; } .container { width: 100%; min-width...,26일 전에 게시됨,https://kr.indeed.com/rc/clk?jk=567bd69fd7cf66cd&fccid=5d2d74872707c882&vjs=3
클라썸,서울 강남구,미리보기 정보가 없어요.,12일 전에 게시됨,https://kr.indeed.com/rc/clk?jk=c60df6741d9324e1&fccid=fa74736aafafc828&vjs=3
와이즈텍,서울 용산구,미리보기 정보가 없어요.,30일 이상 전에 게시됨,https://kr.indeed.com/rc/clk?jk=ea99143338a319b7&fccid=8b01882cef0e8002&vjs=3
MOLOCO,서울 강남구,미리보기 정보가 없어요.,30일 이상 전에 게시됨,https://kr.indeed.com/rc/clk?jk=c2f271fbd2fa95e7&fccid=6588d205440cdcb9&vjs=3
(주)휴톰 관심기업,서울 대흥동,근무조건 정규직 급여 면접후 결정 주 5일 | 탄력근무제 지하철 서울6호선 대흥(서강대앞)역 지원자격 경력 3년 이상 10년 이하 학력무관 기업정보 2017년 설립(업력 7년) 사원 80명 비상장 스타트업 상세보기,30일 이상 전에 게시됨,https://kr.indeed.com/rc/clk?jk=68fa2e8f6b62e92a&fccid=667cf6cbd3cba549&vjs=3
반달소프트,성남 분당구,미리보기 정보가 없어요.,30일 이상 전에 게시됨,https://kr.indeed.com/rc/clk?jk=1601f1bfe3302af5&fccid=f35f7fc5e918087a&vjs=3
빙글,서울 서초구,미리보기 정보가 없어요.,3일 전에 게시됨,https://kr.indeed.com/rc/clk?jk=dcfe5df9dc3425d5&fccid=58664998b168e14f&vjs=3
